Medu,Fedu,avg_studytime
0,1,2.0
0,2,2.0
1,0,2.0
1,1,1.8918918918918914
1,2,1.6666666666666665
1,3,1.6
1,4,2.0
2,1,1.7857142857142856
2,2,2.2549019607843142
2,3,2.0
2,4,2.2857142857142856
3,1,2.4666666666666668
3,2,1.8928571428571421
3,3,2.1052631578947363
3,4,2.0555555555555554
4,0,4.0
4,1,1.0
4,2,2.1578947368421053
4,3,2.25
4,4,1.9