Medu,Fedu,avg_grade
0,1,8.0
0,2,14.833333333333334
1,0,14.666666666666666
1,1,8.7657657657657655
1,2,10.0
1,3,8.1333333333333329
1,4,13.0
2,1,9.5238095238095219
2,2,10.084967320261436
2,3,10.705882352941176
2,4,12.761904761904761
3,1,11.066666666666668
3,2,10.571428571428571
3,3,10.122807017543861
3,4,10.444444444444443
4,0,10.666666666666666
4,1,8.0
4,2,12.789473684210527
4,3,11.608333333333329
4,4,11.785714285714285