studytime,avg_grade
1,10.253968253968255
2,10.442760942760941
3,11.651282051282047
4,11.728395061728392